stationcode,StartDate,EndDate,Latitude,Longitude,Nutr_NH4,Nutr_NO2,Nutr_NO3,Nutr_NOX,Nutr_PO4,Nutr_SiO2,Pigm_Chlorophyll_c3,Pigm_Chlorophyll_c2,Pigm_Chlorophyllide_a,Pigm_Pheophorbide_a,Pigm_Peridine,Pigm_19butanoyloxyfucoxanthin,Pigm_Fucoxanthin,Pigm_Neoxanthine,Pigm_Prasinoxanthin,Pigm_19hexanoylooxyfucoxanthine,Pigm_Diadinoxanthin,Pigm_Antheraxanthin,Pigm_Alloxanthin,Pigm_Diatoxanthin,Pigm_Zeaxanthin,Pigm_Chlorophyll_b,Pigm_Echinenone,Pigm_Chlorophyll_a,Pigm_Pheophytin_a,Pigm_BetaCarotene,CTD_Pressure_3m,CTD_Temperature_3m,CTD_Conductivity_3m,CTD_Obs_3m,CTD_Altimeter_3m,CTD_Par_3m,CTD_FlECO.AFL_3m,CTD_Sbeox_3m,CTD_Sbeox0PS_3m,CTD_Salinity_3m,CTD_SvCM_3m,CTD_Density_3m,Zoopl_Amphipoda,Zoopl_Annelida,Zoopl_Anomura,Zoopl_Appendicularia,Zoopl_Brachyura.zoe,Zoopl_Branchiopoda,Zoopl_Calanoidea,Zoopl_Caridae.zoe,Zoopl_Chaetognatha,Zoopl_Cirripeda.cypris,Zoopl_Cirripeda.nauplius,Zoopl_Cnidaria,Zoopl_Ctenophora,Zoopl_Cumacea,Zoopl_Echinodermata,Zoopl_Harpacticoida,Zoopl_Mollusca,Zoopl_Mysidae,Zoopl_Noctiluca,Zoopl_Pisces.egg,Zoopl_Pisces.larvae,Zoopl_Porcellanidae.zoe,Turb_Secchi,UW_id_nav,UW_OctansHeading,UW_OdomDepth200khz,UW_CourseOverGround,UW_SpeedOverGround,UW_OdomDepth33khz,UW_NavDepth50khz,UW_Speedlog,UW_FLRTchla,UW_Salinity,UW_Temperature,UW_RelativeHumidity,UW_WindDirection,UW_WindSpeed,UW_AirPressure,UW_SoundVelocity,UW_WaterFlow,pico_conc_RWS,nano_conc_RWS,micro_conc_RWS,Synechoccocus_conc_RWS,pico_totFLR_RWS,nano_totFLR_RWS,micro_totFLR_RWS,synechoccocus_totFLR_RWS,Synechoccocus_conc_CNRS,pico_conc_CNRS,nano_conc_CNRS,micro_conc_CNRS,synechoccocus_totFLR_CNRS,pico_totFLR_CNRS,nano_totFLR_CNRS,micro_totFLR_CNRS,nano_totFLR_VLIZ,micro_totFLR_VLIZ,macro_totFLR_VLIZ,pico_totFLR_VLIZ,pico_conc_VLIZ,nano_conc_VLIZ,micro_conc_VLIZ,macro_conc_VLIZ,Chlorophytes,Cyanobacteria,Diatoms,Dinoflagellates,Euglenophytes,Phaeocystis,FluoroProbeCNRS,StatParam,Fv.Fm,Sigma,NPQ,NSV,rETR,RCII,JVPII.Sigma,aLHII,JVPII.aLHII,Chl.2..mcg.l.,TSM.2..mg.l.,Kd.2..1.m.,BO2_curvelmean_ss,MS_biogeo05_dist_shore_5m,Depth,Bacillaria,Biddulphia,Brockmanniella,CentricDiatom,Cerataulina,Ceratium,Chaetoceros,Ditylum,Eucampia,Guinardia,Helicotheca,Lauderia,Leptocylindrus,Leptocylindus,Lithodesmium,Meuniera,Navicula,Noctiluca,Odontella,Paralia,Pleurosigma/Gyrosigma,Protoperidinium,Pseudonitzschia,Rhizosolenia,Skeletonema,Thalassionema,Thalassiosira,Triceratium,Unknown,Phaeocystis_NGS,Diatoms_NGS,Chlorophytes_NGS,Cryptophytes_NGS,Dinoflagellates_NGS,Euglenophytes_NGS,Cyanobacteria_NGS
1,05/11/2017 21:33,05/11/2017 21:37,51.270728,2.9050207,1.63,0.17,3.92,4.09,0.1,5.26,0.108027,0.312911,1.576159,0,0,0,1.959511,0,0,0,0.268598,0.044981,0.017486,0.039629,0,0,0,4.719657,0,0.07346,3.026,11.9297,37600,1.8042,17.37,15.7,1.3122,7.794,88.691,32.6939,1493.88,1024.8252,0,2.285714286,0,224,0,0,925.7142857,6.857142857,0,0,11.42857143,0,36.57142857,4.571428571,107.4285714,0,0,0,7220.571429,2.285714286,0,0,NA,57736,247.93,7,240.2,1.3,6.94,7,0.57,3.73,31.317,12.157,96,117.7,5.3,0.994,1493.26,0.84,991.514453,12101.49042,2506.638,5.57,700240.4393,39148980.84,128497858,1940,29.01854175,1872.196263,22302.25029,5319.398893,3420.185368,826688.2222,149174043.5,256495154.6,NA,NA,NA,NA,NA,NA,NA,NA,0,0.000389254,3.549568174,0.000159753,0.000370689,1.169212626,17.57,NA,NA,NA,NA,NA,NA,NA,NA,NA,NA,NA,NA,NA,0.041594468,8,8.182407417,0,0,0,7.278725913,0,0,14.5220132,14.54809463,29.12092646,363.5946533,3.631672951,3.631672951,0,0,0,0,0,7.278725913,112.6501026,47.2251382,0,0,9234.903999,992.5676231,0,0,0,0,0,0.39,39.33,0.19,0.14,113.92,0,0.01
2,05/08/2017 14:37,05/08/2017 14:37,51.1849527,2.6989522,7.22,0.17,3.59,3.76,0.46,7.71,0,0.107881,0.337748,0,0,0,1.006266,0,0,0,0.100503,0.010281,0.008229,0.018116,0,0,0,2.106628,0,0.039939,3.026,12.1536,36600,10.044,7.28,1.00E-12,7.0099,7.4185,84.243,31.6157,1493.36,1023.9471,0,44.8,3.2,204.8,28.8,0,969.6,1.6,3.2,0,3.2,0,11.2,1.6,12.8,0,0,0,3268.8,4.8,3.2,0,NA,864,289.86,8.3,303.4,0.5,8.26,8.2,1.04,1.49,32.588,11.8135,88,14.5,11.97,1.022,1493.6,0.94,NA,NA,NA,NA,NA,NA,NA,NA,NA,NA,NA,NA,NA,NA,NA,NA,48167342,4054373.61,764346.59,4254845,5728.422,18527.366,998.03056,22.786082,0,0,2.096990401,0,0,0.009609697,NA,NA,NA,NA,NA,NA,NA,NA,NA,NA,NA,NA,NA,NA,0.039250858,7,8.896443329,0,0,0,122.8645349,0,0,61.47583913,3042.425933,0,30.69434787,0,0,0,0,215.2317605,0,307.2920523,30.73097961,3566.398416,61.42532748,0,0,33072.61432,5993.066885,0,0,92.20681874,0,0,0,1.81,0.1,0.01,178.34,0,0.02
3,05/08/2017 17:25,05/08/2017 17:29,51.0981638,2.1977093,0.6,0.04,0.37,0.41,0.12,2.16,0.49191,0.139943,1.215894,0,0,0.098991,1.005138,0,0.092185,0,0.130583,0,0,0.016984,0,0,0,2.142076,0,0.009628,NA,NA,NA,NA,NA,NA,NA,NA,NA,NA,NA,NA,1.523809524,7.619047619,0,0,0,0,1056,1.523809524,1.523809524,1.523809524,0,0,0,7.619047619,3.047619048,0,0,0,1897.142857,0,0,0,NA,2876,265.41,24.65,221.7,1.2,0.76,24.3,0.31,4.8,34.223,11.4353,81,11,13.66,1.023,1494.25,0.93,NA,NA,NA,NA,NA,NA,NA,NA,NA,NA,NA,NA,NA,NA,NA,NA,102950206,1475679.13,521968.77,1577859,3369.362,26548.525,464.41933,30.187253,0,0.005429364,0.892289351,1.75E-05,0.002174637,1.242189163,NA,NA,NA,NA,NA,NA,NA,NA,NA,NA,NA,NA,NA,NA,0.057181764,10,17.92153839,0,0,0,16.92001118,0,0,2.419394658,19.31169645,2.41676942,0,2.41676942,0,0,0,2.409283115,0,106.2993554,0,67.62093309,14.49838069,0,0,1002.429654,142.5026754,0,0,14.49089439,0,0,0.13,1.6,0.41,0.04,511.84,0.02,0.01
4,05/08/2017 19:24,05/08/2017 19:24,51.1885285,2.185551,0.95,0.1,0.51,0.61,0.08,2.41,0.403173,0.125082,0.726159,0,0,0.096453,0.860459,0,0,0,0.119436,0,0,0.011889,0.015288,0,0,1.777467,0,0.012838,NA,NA,NA,NA,NA,NA,NA,NA,NA,NA,NA,NA,NA,NA,NA,NA,NA,NA,NA,NA,NA,NA,NA,NA,NA,NA,NA,NA,NA,NA,NA,NA,NA,NA,NA,4197,26.2,28.03,177.2,0.8,28.06,28.2,1.48,4.93,34.009,11.3499,83,9.2,10.41,1.025,1493.72,0.94,NA,NA,NA,NA,NA,NA,NA,NA,NA,NA,NA,NA,NA,NA,NA,NA,166100255,2598943.88,1078874.65,3677147,8128.832,50095.949,892.99557,77.172447,0,0.053250515,0.685422436,0.000129358,0.000285053,1.038412577,NA,NA,NA,NA,NA,NA,NA,NA,NA,NA,NA,NA,NA,NA,0.051308472,19,26.38479416,0,0,0,6.626110055,0,3.311517046,13.26374379,3.323040729,0,0,9.949150784,0,0,0,0,3.323040729,9.949150784,19.88370192,26.52441162,3.314593009,0,3.323040729,106.1345133,63.02639316,0,0,0,0,0,0.05,0.51,0.51,0.02,837.7,0,0.01
5,05/08/2017 20:50,05/08/2017 20:50,51.0120288,1.902171,0.84,0.03,0.19,0.22,0.08,2.1,0.320224,0.236541,0,0,0,0.078685,0.75893,0,0.067783,0,0.101919,0,0,0,0,0,0,1.701507,0,0.009628,NA,NA,NA,NA,NA,NA,NA,NA,NA,NA,NA,NA,0,7.619047619,4.571428571,1.523809524,1.523809524,0,641.5238095,0,6.095238095,0,0,0,0,0,6.095238095,12.19047619,0,0,518.0952381,0,0,0,NA,5338,312.99,NA,326.5,3,26.49,27.1,5.13,9.64,34.295,11.4942,82,23,12.88,1.024,1494.54,0.96,NA,NA,NA,NA,NA,NA,NA,NA,NA,NA,NA,NA,NA,NA,NA,NA,167641230,3152619.84,2703364.1,4891138,9425.726,50233.056,957.5666,105.63901,0,0.004260582,0.12665491,4.48E-05,7.98E-05,1.570459818,NA,NA,NA,NA,NA,NA,NA,NA,NA,NA,NA,NA,NA,NA,0.078174122,7,22.63981428,0,0,0,26.991087,0,0,0,3.371169679,0,0,3.369200058,0,0,0,0,0,20.23788286,0,134.8878321,26.98022221,0,3.371169679,23.60511329,30.35336151,0,0,0,3.371169679,0,0.63,6.84,2.71,0.19,1230.75,0.01,0.09
6,05/08/2017 23:50,05/08/2017 23:51,50.8380575,1.4943462,0.44,0.07,0.82,0.89,0.06,2.27,0.357841,0.274932,0,0,0,0.052034,0.756391,0,0.010845,0,0.095549,0,0.007714,0,0.01911,0,0,2.278804,0,0.023536,NA,NA,NA,NA,NA,NA,NA,NA,NA,NA,NA,NA,0,0.333333333,1,1,0.333333333,0,125.6666667,0,0,0,0.666666667,0,0,0,0.333333333,1,0,0,3,0,0.333333333,0.666666667,NA,7503,266.97,NA,342.2,1.8,0.87,35.1,4.07,6.73,34.281,11.5473,83,29.9,5.9,1.025,1494.71,0.94,NA,NA,NA,NA,NA,NA,NA,NA,NA,NA,NA,NA,NA,NA,NA,NA,NA,NA,NA,NA,NA,NA,NA,NA,0.000105315,0.102895207,0.112728467,0,0,2.063070899,NA,NA,NA,NA,NA,NA,NA,NA,NA,NA,NA,NA,NA,NA,0.085907005,14,35.39929245,0,0,0,9.999514115,0,0,0,0,0,0,3.333171372,0,0,0,0,0,6.665371304,0,19.99611391,6.665371304,3.333171372,0,6.673476336,0,0,0,0,0,0,0.08,1.89,0.57,2.21,317.53,0,0.04
7,05/09/2017 02:05,05/09/2017 02:06,50.4908703,1.5201343,0.17,0.01,0.15,0.16,0.05,0.66,0.322153,0.209295,0,0,0,0.04315,0.665015,0.070486,0.075917,0,0.081216,0,0,0,0,0,0,1.488819,0,0.009628,4.035,11.1061,39200,0.8389,30.05,31,1.1478,8.8495,100.426,35.0138,1493.83,1026.7852,2.285714286,16,0,48,27.42857143,4.571428571,1115.428571,0,2.285714286,6.857142857,0,0,4.571428571,4.571428571,114.2857143,2.285714286,0,0,0,13.71428571,2.285714286,0,NA,9138,26.29,9.89,41.5,1,9.86,10.3,3.71,5.58,33.961,11.7042,82,8.6,7.48,1.024,1494.86,0.94,NA,NA,NA,NA,NA,NA,NA,NA,NA,NA,NA,NA,NA,NA,NA,NA,47536723.3,567793.41,262122.6,1854372,3379.009,15065.4631,261.096587,11.434886,0.001852518,0,0.184369526,1.57E-05,0,1.302562188,NA,NA,NA,NA,NA,NA,NA,NA,NA,NA,NA,NA,NA,NA,0.045377478,4,9.775542641,0,0,0,0,0,0,82.97591225,0,0,230.7608149,7.208260277,0,0,0,0,0,41.44853946,0,160.4602059,12.62510924,0,14.41627331,3.608441088,41.48124245,0,0,0,0,0,0.01,0.15,0.04,0.05,17.65,0,0
8,05/09/2017 18:17,05/09/2017 18:18,50.6747843,1.1866715,0.37,0.01,0.1,0.11,0.03,0.91,0.053531,0.054491,0,0,0,0.010153,0.164985,0.012335,0.017624,0,0.035035,0,0.011572,0.006369,0.010033,0.01416,0,0.478549,0,0.007489,NA,NA,NA,NA,NA,NA,NA,NA,NA,NA,NA,NA,0,0,16.64,5.12,19.2,0,989.44,8.96,0,0,6.4,3.84,3.84,0,55.04,2.56,0,0,7.68,1.28,3.84,19.2,NA,20788,314.13,NA,213,1.5,22.49,31,0.05,NA,34.802,11.0986,72,42.1,9.91,1.016,1493.78,0.84,2266.9635,6500.18657,65.15222,1230,1111150.3,25999390,3177807.493,530000,4020.281402,3369.086303,6162.923339,16.15868731,433115.8386,1667105.908,16840293.05,419679.8901,16326593,524407.64,67924.28,1250368,3647.414,5975.0158,64.55599,3.586444,0.00591327,0.034006418,0.010138971,0,0.178323505,0.250117802,2.87,NA,NA,NA,NA,NA,NA,NA,NA,NA,NA,NA,NA,NA,0.07561744,34,40.98063766,0,0,0,0,0,6.78273555,0,0,0,464.1838165,0,0,0,0,0,3.392474167,8.477897128,0,6.774069735,13.57419869,3.388110373,3.394625177,0,8.46486752,0,0,0,0,0,0.01,0.6,1.32,1,250.03,0,0.25
9,05/09/2017 08:29,05/09/2017 08:34,50.8800283,0.8973595,0.59,0.07,2.83,2.9,0.1,0.95,0.352375,0.288968,0,0,0,0.097017,1.163072,0.035504,0,0,0.159956,0,0.028115,0.017361,0.020384,0.050346,0,2.24842,0,0.035185,3.026,11.3717,39300,1.9353,14.25,1.00E-12,8.5822,8.5188,97.146,34.8967,1494.59,1026.6407,0,0.307692308,0,1.923076923,0.076923077,0,34.69230769,0,0,0,0,0,0.076923077,0,0.307692308,13.76923077,0,0,54.61538462,1,0,0,240,13786,310.91,19.04,145.8,0,19.49,19,0.36,3.52,34.75,11.1824,73,65.4,6.28,1.022,1494,0.84,11434.3487,39991.858,295.90724,2960,11689293.2,196855674,3486690.5,1420000,10054.5107,17545.83227,30870.32153,624.9052942,1294196.103,5514737.506,119786846.1,29397959.01,57591363,329512.47,567486.2,4592873,14168.94,18426.6642,135.196103,11.425025,0.006937154,0.102331212,0.042190273,1.60E-05,0.737063526,1.359861906,12.498,meanoneuphoticlayer,0.26,3.98,0.15,3.61,33.39,24.5,0.48,0.24,0.72,5.07,5.93,0.47,0.077663794,5,18.85268005,16.39084481,0,0,0,0,4.098160716,8.191327154,2.049180328,0,940.2568881,34.83027154,0,0,0,0,16.38445236,8.196121493,0,12.29288404,8.19472332,6.147341044,4.098160716,8.194323441,34.83206819,0,0,2.047382276,0,10.2421056,0.16,0.89,15.04,9.2,275.89,0.01,0.92
10,05/09/2017 06:37,05/09/2017 06:41,50.702759,0.8800673,0.33,0.02,0.17,0.19,0.04,0.78,0.049513,0.037979,0,0,0.025651,0.010153,0.270744,0,0,0,0.049367,0,0,0.009058,0.008281,0,0,0.389929,0,0.005706,NA,NA,NA,NA,NA,NA,NA,NA,NA,NA,NA,NA,0,2.37037037,2.37037037,0,2.37037037,0,513.1851852,0,2.37037037,0,0,0,5.925925926,0,61.62962963,22.51851852,0,0,14.22222222,0,2.37037037,0,650,12424,291.72,NA,173.7,0.7,NA,35.9,0.28,0.54,34.94,10.8981,84,16.6,7.42,1.023,1493.24,0.94,NA,NA,NA,NA,NA,NA,NA,NA,NA,NA,NA,NA,NA,NA,NA,NA,88836440,788085.208,173283,8371820,16118.19,29757.102,158.190663,8.62858,0,0.039328652,0.007673227,0.173944521,1.56E-05,0.16893803,1.028,meanoneuphoticlayer,0.32,3.52,0.21,2.46,33.88,3.52,0.36,0.23,0.56,NA,NA,NA,0.068832673,23,34.71445648,3.245609387,0,0,0,1.62601626,16.22612988,30.82049233,1.61767607,0,4849.492445,8.10247171,0,0,0,0,145.8966467,6.497641907,0,11.35067012,6.472621337,1.619593127,22.69875121,6.482878584,1.61767607,0,0,0,0,0,NA,NA,NA,NA,NA,NA,NA
11,05/09/2017 05:06,05/09/2017 05:08,50.5748432,1.062474,0.33,0.02,0.2,0.22,0.03,1.32,0.04887,0.034676,0,0,0,0,0.165831,0,0,0,0.020171,0,0,0,0,0,0,0.344353,0,0,3.026,10.909,39100,1.0125,35.8,183,0.4505,8.788,99.389,35.1388,1493.27,1026.9139,0,7.384615385,0,12.30769231,4.923076923,0,409.8461538,0,0,0,0,3.692307692,7.384615385,0,9.846153846,7.384615385,0,0,0,3.692307692,1.230769231,2.461538462,NA,11287,352.15,NA,218.9,1.7,0.79,35.7,0.29,0.62,34.782,11.0742,75,47,9.93,1.023,1493.67,0.94,NA,NA,NA,NA,NA,NA,NA,NA,2471.117858,5166.615901,4563.515514,59.5551147,199892.9679,895033.6875,12082992.11,4771906.41,10249555.4,123645.458,109158.06,1365122,3353.127,4334.8816,37.898637,7.218788,1.48E-05,1.74E-05,0.107240596,0,0,0.237127217,1.658,NA,NA,NA,NA,NA,NA,NA,NA,NA,NA,NA,NA,NA,0.053402282,42,35.90532349,0,0,0,0,0,13.57562915,13.578393,0,0,35.28921259,18.994746,0,0,0,0,0,5.432410147,0,2.713441225,2.713441225,0,13.57273382,2.713441225,0,0,0,0,0,0,0.26,1.76,3.37,1.05,696.45,0,0.59
12,05/09/2017 03:29,05/09/2017 03:33,50.4038882,1.2667993,0.34,0.03,0.06,0.09,0.02,1.58,0.307363,0.112285,0.534768,0,0,0.065994,0.646402,0,0,0,0.095549,0,0,0.012455,0.00637,0,0,0.577297,0,0,3.026,11.1812,39200,2.6723,19.6,318,5.5481,9.0358,102.661,34.9478,1493.99,1026.7155,NA,NA,NA,NA,NA,NA,NA,NA,NA,NA,NA,NA,NA,NA,NA,NA,NA,NA,NA,NA,NA,NA,NA,10129,284.55,13.17,195.3,0.4,13.11,13.1,0.28,5.1,34.698,11.3607,76,29.2,10.01,1.023,1494.56,0.95,NA,NA,NA,NA,NA,NA,NA,NA,NA,NA,NA,NA,NA,NA,NA,NA,13848909.1,385854.5,168245.35,1138753,3209.955,7023.1237,96.94496,21.54332,0,0,0,0.014822446,0,0.562477548,NA,NA,NA,NA,NA,NA,NA,NA,NA,NA,NA,NA,NA,NA,0.038912334,29,14.1910058,0,0,0,5.925062812,0,0,20.73807884,2.961883952,0,11.84969357,11.84897432,0,0,0,0,0,11.85084488,0,32.58993142,0,0,29.62876673,2.963178859,0,0,0,0,0,0,0.26,1.53,0.5,0.07,987.4,0,0.02
13,05/09/2017 01:34,05/09/2017 01:34,50.588467,1.4990263,0.33,0.03,0.13,0.16,0.07,1.78,0.148389,0.06478,0.363729,0,0,0.03124,0.374876,0,0,0,0.047774,0,0,0,0,0,0,0.958266,0,0.007406,NA,NA,NA,NA,NA,NA,NA,NA,NA,NA,NA,NA,0,0,3.2,1.6,3.2,0,159.2,0,0,0,1.6,0,6.4,1.6,14.4,0,0,0,0,1.6,1.6,0,NA,8624,285.71,23.14,204.6,1.5,23,23.2,0.25,6.03,34.333,11.5092,82,36.1,9.42,1.024,1494.64,0.94,NA,NA,NA,NA,NA,NA,NA,NA,NA,NA,NA,NA,NA,NA,NA,NA,74999042.9,1476103.74,392555.377,2236578,4783.927,25634.3431,474.51037,17.254921,0.002102555,0,0.274735195,3.84E-05,0,0.681423923,NA,NA,NA,NA,NA,NA,NA,NA,NA,NA,NA,NA,NA,NA,0.063662678,13,22.3324646,2.133023075,0,0,4.266976995,0,0,8.532505999,2.133436773,0,4.266459848,4.267080444,0,0,0,0,0,6.400620666,0,21.33291984,6.400517217,0,4.267080444,2.133023075,0,0,0,4.266563298,0,0,0.1,5.09,0.39,0.06,748.49,0,0.02
14,05/09/2017 17:10,05/09/2017 17:14,50.7719275,1.2733055,0.46,0.05,0.99,1.04,0.04,0.85,0.098864,0.056658,0.388411,0,0.048661,0.018402,0.316009,0,0.02508,0,0.051357,0,0.027386,0.006794,0.003822,0.032181,0,0.588691,0,0.013373,NA,NA,NA,NA,NA,NA,NA,NA,NA,NA,NA,NA,0,2.8,0,17.6,5.6,0,884.8,1.6,2.4,0,0.8,4.8,4.8,0,0.8,8.8,0,0,84,0.8,0,1.6,360,19980,284.54,25.22,212.6,0.9,25,25,-0.28,1.24,34.775,11.0934,71,35.4,8.96,1.017,1493.72,0.84,4740.01667,10081.39,79.489876,2630,2405548.08,37226621.9,1075683.305,1190000,7718.029689,8129.868239,9913.479665,33.73571107,866094.7195,3998295.137,39912730.71,1594025.491,16429353.7,735111.01,68982.24,1370390,3542.669,6075.7792,103.166652,5.526785,0.001116464,0.016290079,0.000169602,0.119219751,0.115388732,0.336515353,4.244,NA,NA,NA,NA,NA,NA,NA,NA,NA,NA,3.6,4.27,0.17,0.082224265,31,24.05302048,0,0,0,1.575722206,0,3.158511902,6.309956314,1.575722206,0,328.2477502,15.78734665,0,0,0,0,3.156356551,1.578178276,0,9.468468215,1.578178276,3.156055832,6.312111664,3.156356551,12.61530121,0,0,0,0,1.580333626,NA,NA,NA,NA,NA,NA,NA
15,05/09/2017 09:48,05/09/2017 09:51,50.9413202,1.0489045,0.49,0.11,6.04,6.15,0.19,0.44,0.244991,0.210534,0.130877,0,0.029423,0.062187,0.799541,0,0,0,0.119436,0,0.048215,0.02675,0.007166,0.086246,0,1.796457,0,0.032896,NA,NA,NA,NA,NA,NA,NA,NA,NA,NA,NA,NA,0,2.666666667,0.761904762,4.571428571,7.619047619,0,224.7619048,0.761904762,0,1.523809524,0.761904762,0.761904762,1.523809524,0,0,34.28571429,0,0,181.3333333,1.523809524,0,3.80952381,500,14704,10.08,29.88,350.2,0.9,29.8,30.2,0.21,1.76,34.654,11.1233,74,69.9,6.26,1.022,1493.68,0.84,9696.25369,21339.6461,77.096696,3060,5608497.81,105423195,1452356.056,1540000,10066.56978,18648.08078,14904.30687,413.6877711,1784849.864,5692114.797,45496302.67,10795299.87,15276661,766085.5,99353.69,2694135,10048.6,6314.609,76.36516,5.266563,0.001049654,0.027700508,0.050841349,0.080265819,0.34956809,1.287074541,7.98,meanoneuphoticlayer,0.29,3.96,0.99,3.38,25.87,14.3,0.27,0.12,0.29,3.63,2.8,0.3,0.08085198,7,26.57206398,39.51336789,0,0,3.291262136,0,3.292540793,6.585721224,3.292860612,0,65.84698112,75.7262026,0,0,0,0,0,0,0,52.68193258,3.291262136,6.583802928,6.585401404,46.09269458,128.3943879,0,0,0,0,19.75460574,0.7,1.05,34.99,7.32,214.22,0.01,0.09
16,05/09/2017 11:22,05/09/2017 11:24,51.0542842,1.1892878,0.87,0.17,9.32,9.49,0.38,0.43,0.041475,0.073068,0.118212,0,0,0.008884,0.329969,0,0,0,0.048571,0,0.038572,0.016984,0,0.059214,0,0.97229,0,0.021931,3.026,11.082,39100,0.9145,21.9,53.3,1.5731,8.9908,101.961,34.9881,1493.7,1026.765,0,3.047619048,0,0,1.523809524,0,242.2857143,0,1.523809524,0,1.523809524,0,3.047619048,0,0,38.0952381,0,0,540.952381,0,0,0,260,15824,340.35,22.9,64.2,0.6,22.84,23,0.19,0.62,34.446,11.1426,74,85.8,8.18,1.021,1493.5,0.84,6345.90378,7670.8722,71.672293,1920,2896376.05,33349465,2922109.1,1090000,5616.690094,12667.30543,6065.989643,60.17404672,1030964.171,3997305.76,15406704.39,4466885.3,23839534,899133.18,1817968.55,3182676,10347.52,11083.569,284.29396,35.049943,0.002913379,0.001528991,0.317660235,1.08E-05,0.21245132,0.437735305,2.672,meanoneuphoticlayer,0.35,3.21,0.12,2.24,57.32,5.24,0.16,0.3,0.14,3.53,5.03,0.47,0.084352657,5,20.18903061,71.55746691,0,0,19.80470961,0,3.049853372,1.521802751,9.13334674,0,39.59886001,208.6173196,0,0,0,0,0,1.524926686,1.521505901,76.15099058,16.74890522,0,0,3.049853372,327.3996228,0,0,10.65232241,0,45.68577416,NA,NA,NA,NA,NA,NA,NA
17,05/09/2017 15:53,05/09/2017 15:55,50.9243428,1.376707,0.56,0.08,2.42,2.5,0.1,0.6,NA,NA,NA,NA,NA,NA,NA,NA,NA,NA,NA,NA,NA,NA,NA,NA,NA,NA,NA,NA,3.026,11.0511,39000,0.648,37.59,53.9,2.4188,9.102,103.112,34.9261,1493.51,1026.7224,0,1,0,7.5,1.5,0,478,0,1.5,0,0,0,2.5,0.5,1,9.5,0,0,13.5,0.5,0,0.5,560,19083,305.18,NA,192.1,1,11.64,32.3,0.26,1.45,34.72,11.0848,69,53.2,6.4,1.018,1493.63,0.85,6327.16403,18090.3629,117.29938,2750,3425433.61,93518045,2628985.32,1330000,8117.022757,10249.39767,12732.19131,353.6849419,1141687.527,4202594.599,52315688.01,9685433.501,18377649.1,620953.14,218688.72,1465288,3167.328,7459.7885,100.183115,7.706393,NA,NA,NA,NA,NA,NA,10.816,meanoneuphoticlayer,0.45,4.36,0.72,1.29,25.79,14.65,0.16,0.82,0.19,2.23,2.23,0.4,0.084805749,18,39.1397728,1.06601467,0,0,3.20060206,0,6.397236757,11.73294736,3.20060206,0,1130.349895,26.65376525,0,0,0,0,23.46318252,2.134847966,0,26.6590355,5.329291623,0,2.133438653,1.065754094,100.2379106,0,1.067423983,0,0,2.131508189,0.02,0.34,4.06,2.86,217.1,0.01,0.27
18,NA,NA,NA,NA,NA,NA,NA,NA,NA,NA,NA,NA,NA,NA,NA,NA,NA,NA,NA,NA,NA,NA,NA,NA,NA,NA,NA,NA,NA,NA,NA,NA,NA,NA,NA,NA,NA,NA,NA,NA,NA,NA,NA,NA,NA,NA,NA,NA,NA,NA,NA,NA,NA,NA,NA,NA,NA,NA,NA,NA,NA,NA,NA,NA,NA,NA,NA,NA,NA,NA,NA,NA,NA,NA,NA,NA,NA,NA,NA,NA,NA,NA,NA,NA,NA,NA,NA,NA,NA,NA,NA,NA,NA,NA,NA,NA,NA,NA,NA,NA,NA,NA,NA,NA,NA,NA,NA,NA,NA,NA,NA,NA,NA,NA,NA,NA,NA,NA,NA,NA,NA,NA,NA,NA,NA,NA,NA,NA,NA,NA,NA,NA,NA,NA,NA,NA,NA,NA,NA,NA,NA,NA,NA,NA,NA,NA,NA,NA,NA,NA,NA,NA,NA,NA,NA,NA,NA,NA,NA,NA,NA,NA,NA,NA,NA
19,05/08/2017 22:15,05/08/2017 22:26,50.9769752,1.6403992,1.01,0.03,0.32,0.35,0.08,2.21,0.53242,0.400014,0,0,0,0.081223,1.040673,0,0,0,0.138546,0,0,0,0,0,0,2.977638,0,0.021396,NA,NA,NA,NA,NA,NA,NA,NA,NA,NA,NA,NA,NA,NA,NA,NA,NA,NA,NA,NA,NA,NA,NA,NA,NA,NA,NA,NA,NA,NA,NA,NA,NA,NA,NA,6354,322.78,NA,104.6,0.9,0.67,38.3,0.44,6.57,34.397,11.4079,85,28,10.17,1.024,1494.36,0.95,NA,NA,NA,NA,NA,NA,NA,NA,NA,NA,NA,NA,NA,NA,NA,NA,82394847,1812524.32,250961.38,1709895,5173.919,20659.008,373.108774,17.253586,0,0,0.856563667,6.51E-05,0.001815002,2.119156211,NA,NA,NA,NA,NA,NA,NA,NA,NA,NA,NA,NA,NA,NA,0.086410739,8,36.83549789,0,0,0,18.76803419,0,0,9.378822002,3.129737395,0,3.124542303,18.76590004,0,0,0,0,0,15.62363832,9.384017094,31.26406926,28.14685619,3.124542303,0,15.62363832,6.254279699,0,0,6.254279699,0,0,0,0.13,0.23,0.37,18.83,0,0.11
20,05/09/2017 14:10,05/09/2017 14:18,51.0627438,1.5574268,0.71,0.09,2.89,2.98,0.11,0.54,0.229076,0.200317,0.069661,0,0,0.055841,0.751315,0,0,0,0.12063,0.059278,0,0.011889,0.010033,0.063075,0,1.496415,0,0.027815,3.026,11.1113,38800,2.567,23.19,623,0.8633,8.5496,96.806,34.6442,1493.38,1026.4919,0.31372549,1.568627451,1.568627451,26.35294118,2.196078431,0,484.7058824,0,0.31372549,0,0,0,0.62745098,0,1.568627451,3.137254902,0,0,24.47058824,0.941176471,0.62745098,1.254901961,400,17813,333.34,NA,11,0.7,0.76,50,0.42,1.23,34.677,11.0399,73,43.7,4.94,1.02,1493.42,0.85,7452.70759,16172.2337,98.80483,3420,4725018.12,80028223,1715641.02,1780000,10110.93887,12675.05828,15521.77718,86.66384463,1399583.411,4808139.301,65775312.32,2195909.219,51871827.4,1214695.96,61495.28,3378704,8592.635,14592.9058,83.029543,3.690202,0.000417311,0.042946119,0.085836181,0,0.45439322,0.912807232,8.62,meanoneuphoticlayer,0.31,4.68,0.53,2.16,9.48,1.75,0.83,0.11,0.89,5,3,0.4,0.08524891,18,44.17028122,6.415563496,0,0,6.495903244,0,5.130997895,6.452101116,6.444836607,0,270.4597418,55.51078314,0,0,0,0,2.587400012,9.076038747,0,36.11420238,7.798737655,6.452101116,9.068774238,2.569131202,190.9613195,0,0,5.167535515,0,1.277301092,0.01,0.16,1.7,1.33,166.13,0,0.18
21,05/09/2017 12:46,05/09/2017 12:54,51.1325458,1.4250008,0.66,0.15,9.05,9.2,0.36,0.4,0.036866,0.099075,0.255188,0,0.028166,0.012409,0.489596,0,0,0,0.06653,0,0.019886,0.010568,0,0.036615,0,1.431427,0,0.033758,3.026,11.1041,39000,1.1097,30.17,631,1.9251,8.9239,101.163,34.8535,1493.61,1026.6562,0,1.333333333,0,12,0,0,50.22222222,0,1.333333333,0,0,1.333333333,2.666666667,0,4,26.66666667,0,0,981.3333333,0,0,0,175,16809,285.98,28.35,63.8,1.9,0.68,29.3,-0.1,1.54,34.39,11.0484,75,48.4,5.63,1.02,1493.1,0.86,5084.700631,8617.25,140.739052,1320,2574539.041,44651556,4067416.352,702000,NA,NA,NA,NA,NA,NA,NA,NA,41879177,395112.01,195293.74,3798733,10646.27,12731.6643,77.516822,5.671963,0.002338251,0.002503011,0.712409836,0.077058482,0.144958653,0.492131798,5.312,meanoneuphoticlayer,0.47,3.29,0.57,1.13,27.27,13.17,0.13,0.55,0.13,6.15,10.25,1.1,0.081651762,8,25.2461705,46.13223164,0,0,8.367590263,0,2.089129692,0,54.42318841,0,25.09965827,198.86273,0,0,0,0,0,14.67084682,2.090456188,161.2229876,16.75732352,2.089129692,2.090456188,2.089129692,468.7797464,0,0,16.74048651,0,10.47044444,NA,NA,NA,NA,NA,NA,NA
22,05/10/2017 06:42,05/10/2017 06:42,51.404856,1.5436162,0.3,0.2,10.39,10.59,0.35,0.36,0.030865,0.123293,0.300221,0,0,0,0.674604,0,0,0,0.103334,0,0.0192,0.015097,0,0,0,1.917572,0,0.036136,3.027,10.8979,38600,2.2465,39.49,33.9,1.3273,8.7577,98.72,34.6559,1492.66,1026.5396,0,0,0,23.27272727,2.909090909,0,32.41558442,2.909090909,0,0,2.909090909,5.818181818,0,0,8.727272727,17.45454545,0,0,526.5454545,0,0,0,100,29723,25.82,12.15,204,1.7,12.11,12.2,0.24,2.07,34.216,10.5928,68,75.2,3.37,1.011,1491.29,0.86,3674.489577,6113.15445,136.336543,759,1674952.52,30871565.2,5903722.628,387000,2943.950432,10274.2546,5378.557716,329.7047935,346008.188,2962329.157,23932046.15,45415919.9,34944921,839863.99,636394.62,3371025,9593.199,15725.613,271.27296,20.550987,0,0,1.437876423,0,0,0.47972352,10.002,meanoneuphoticlayer,0.55,2.82,0.38,0.87,24.85,23.17,0.17,0.7,0.16,7.33,12.7,1.37,0.045798019,11,14.07407841,398.5930997,0,0,173.2807912,0,0,0,433.2002999,0,103.9948918,277.2689486,0,0,0,0,0,17.33430444,0,831.7883545,69.29852341,0,0,0,953.1192176,0,0,103.9831123,0,0,0,0.13,0.02,0.01,2.82,0,0
23,05/10/2017 05:18,05/10/2017 05:26,51.2887853,1.7132808,0.73,0.15,8,8.15,0.31,0.31,0.07234,0.119199,0,0,0,0.022209,0.45815,0,0,0,0.061709,0,0.028544,0.008492,0.003344,0.043767,0,1.412859,0,0.024606,3.026,10.5767,38100,12.7515,12.71,23.5,2.7554,8.8927,99.417,34.439,1491.26,1026.4277,0,0.484848485,0,10.66666667,0,0,12.64069264,0,0.484848485,0,0,1.939393939,1.454545455,0,0,2.181818182,0,0,428.1212121,0.484848485,0,0,340,28732,265.12,NA,224.3,1.6,28.78,39.5,1.05,1.14,34.442,10.9073,71,75.9,1.92,1.011,1492.67,0.85,4761.493262,7442.0369,77.965964,1490,2258915.67,29878360,789040.307,767000,5029.590812,12074.47175,6181.000142,62.16833278,599905.4154,3652439.199,25454133.53,6319730.071,37199099,7538818,2042353,6314084,12486.91,23513.421,583.10763,21.012882,0.002920569,0.01880057,0.314874716,0,0.199882374,0.876421694,3.888,NA,NA,NA,NA,NA,NA,NA,NA,NA,NA,NA,NA,NA,0.073463835,30,41.33752487,37.85385566,0,0,27.12822815,0,0,2.724311519,21.65204763,0,40.72222826,105.7748223,0,0,0,0,0,48.73428245,0,94.86075697,27.16652383,5.4241061,0,2.724311519,330.6534379,0,0,37.97035926,0,16.24172027,0.01,0.47,1.85,1.32,65.92,0.01,0.03
24,05/10/2017 02:04,05/10/2017 02:09,51.2045545,1.8649327,0.78,0.08,0.28,0.36,0.04,1.2,0.690603,0.584541,0.274421,0,0,0.081223,1.265306,0,0,0,0.185524,0,0.019286,0,0.021021,0.064363,0,4.861449,0,0.043327,3.042,11.0726,39000,0.7868,48,61.2,1.7232,9.014,102.137,34.8852,1493.54,1026.6867,2.666666667,0,1.333333333,6.666666667,5.333333333,0,46.66666667,2.666666667,0,2.666666667,0,0,0,0,0,5.333333333,0,0,25.33333333,0,0,0,NA,26383,329.71,29.99,67.3,1,29.86,30.4,-1.25,5.73,34.584,11.0815,73,83.9,4.85,1.013,1493.45,0.82,NA,NA,NA,NA,NA,NA,NA,NA,NA,NA,NA,NA,NA,NA,NA,NA,57200314,498637.57,919481.2,6353985,11518.51,17629.1236,134.603652,17.815192,0,0.101025248,0.43666249,0.000439755,0.233222351,4.090050025,NA,NA,NA,NA,NA,NA,NA,NA,NA,NA,NA,NA,NA,NA,0.073010318,25,21.77244415,1.985304851,0,0,1.986948476,0,0,0,0,0,41.71074859,33.77446006,0,0,0,0,0,7.94286303,0,1.986948476,3.973896951,0,0,0,0,0,0,0,0,0,NA,NA,NA,NA,NA,NA,NA
25,05/10/2017 03:24,05/10/2017 03:31,51.373101,1.9205338,0.36,0.07,1.8,1.87,0.05,0.47,0.342087,0.278854,0.05418,0,0,0.059225,0.617424,0,0,0,0.091966,0,0.0099,0,0.014491,0.030036,0,2.24209,0,0.02621,3.026,11.0321,38700,8.8589,26.58,29.1,2.0265,8.7002,98.314,34.5949,1493.04,1026.4679,1.6,0.8,0.8,20.8,1.6,0,31.2,0,0,2.4,0,0,0.8,0.8,0.8,4.8,0,0,37.6,0,0,0,NA,27350,291.2,NA,301.9,1.4,8.86,36.7,1.99,7.71,34.601,10.9429,70,78.6,3.3,1.012,1492.99,0.85,NA,NA,NA,NA,NA,NA,NA,NA,NA,NA,NA,NA,NA,NA,NA,NA,20706876,515665.73,258811.53,3125097,8995.224,6798.582,94.01076,11.464726,0.000720025,0.062326252,0.015696877,0,0.136994312,2.026362428,NA,NA,NA,NA,NA,NA,NA,NA,NA,NA,NA,NA,NA,NA,0.061702434,43,37.08764534,5.443502216,0,0,3.629509962,0,3.629509962,0,0,0,16.31566065,67.16382034,0,0,0,0,0,3.622656288,0,10.88167621,9.077201743,3.625320398,5.45035589,3.625320398,43.54915638,0,0,1.818181818,0,0,0.21,0.42,2.84,2.05,510.52,0,0.06
26,05/10/2017 08:02,05/10/2017 08:09,51.5009698,1.6536178,0.48,0.19,8.37,8.56,0.27,0.63,0.031508,0.108363,0,0,0,0.013326,0.432345,0,0,0,0.055737,0,0.0126,0.005944,0,0.018022,0,1.152062,0,0.021842,3.026,11.0745,38900,1.5245,28.65,1.00E-12,7.7285,9.5906,108.615,34.7999,1493.44,1026.6198,0,0,0,8.533333333,0,0,21.02857143,0,1.066666667,1.066666667,0,2.133333333,2.133333333,0,1.066666667,4.266666667,1.066666667,0,290.1333333,0,1.066666667,0,140,30754,63.58,23.95,218.6,1.9,23.92,24.4,0.04,1.82,34.335,10.397,62,58.3,3.15,1.01,1490.74,0.86,NA,NA,NA,NA,NA,NA,NA,NA,3744.624377,10300.83026,9399.150164,314.0890751,445801.7062,3356289.442,45895524.01,37868396.1,64082755,2550642.91,3954648.7,7329571,23119.65,45882.17,954.292787,52.69102,0.000972266,4.65E-05,0.681298752,8.41E-05,0.049678613,0.420019852,8.17,meanoneuphoticlayer,0.42,2.87,0.32,1.56,34.15,17.3,0.22,0.71,0.21,5.05,10.2,0.95,0.028445972,27,25.26137123,229.4233251,0,0,151.9395029,0,0,3.100775194,279.0282266,0,40.29449815,158.1034011,0,0,0,0,0,18.60054028,3.100775194,182.9163842,40.32818351,21.70513831,0,3.096952362,508.4672751,9.302325581,0,86.82791085,0,0,0.04,26.02,2.83,2.67,140.01,0,0.04
27,05/10/2017 10:18,05/10/2017 10:27,51.6655657,1.4180745,0.3,0.15,7.52,7.67,0.25,0.22,0.036009,0.201452,0,0,0,0,0.780082,0,0,0,0.10298,0,0.021601,0.015852,0,0.034327,0,2.461109,0,0.028528,1.7,10.9404,38800,1.2198,37.48,1.00E-12,11.9086,9.795,110.627,34.8184,1492.97,1026.6526,0,3.428571429,1.142857143,21.71428571,3.428571429,0,32.68571429,1.142857143,0,1.142857143,2.285714286,3.428571429,2.285714286,0,4.571428571,5.714285714,0,1.142857143,171.4285714,9.142857143,0,0,240,32379,333.12,21.01,255.8,0.8,21,20.9,0.28,1.66,34.209,11.0082,66,64.9,4.04,1.009,1492.74,0.84,5543.049459,7195.38891,171.843368,1280,2163838.078,22508745,10187535.78,610000,3844.313015,15773.50376,7372.072419,166.1122908,416174.42,4937852.164,27814429.4,28739548.6,32726824,1915776.46,852647.6,3114508,12044.1,12806.686,327.96641,23.997543,0.003351299,0,1.855208804,9.70E-05,0.122180968,0.480261998,6.2,meanoneuphoticlayer,0.38,2.92,0.91,1.85,55.86,16.79,0.5,0.79,0.41,2.57,5.5,0.6,0.021855796,26,20.67782364,148.4162963,0,0,96.1318995,0,0,6.553748891,456.5357916,0,32.72690194,229.2840812,0,0,0,0,0,21.81893148,2.198672873,395.2904013,10.95109464,8.731714119,0,2.177538009,633.4300154,0,0,146.3854207,0,0,0.11,18.82,40.31,12.25,124.44,0.45,0.85
28,05/10/2017 11:53,05/10/2017 11:57,51.554325,1.1588122,0.4,0.2,8.6,8.8,0.29,0.33,0.039439,0.209158,0,0,0,0.005641,0.701679,0,0,0,0.099088,0,0.028115,0.019626,0,0.048057,0,2.221412,0,0.032332,3.026,10.3999,38100,8.4345,24.23,104,3.2178,7.3763,82.248,34.6283,1490.84,1026.606,0,3.333333333,0.666666667,36,2,0,24.76190476,0,0,0.666666667,0,0.666666667,1.333333333,0,58,2,0,0,372.6666667,0.666666667,0,0,220,33451,41.02,15.32,295.9,0.9,15.3,15.5,0.01,1.62,34.252,11.3155,67,115.4,5.35,1.008,1493.87,0.84,6559.769,7353.341,106.662908,1530,2667820.002,36306429,5457566.679,711000,3937.190468,15809.35415,4821.227478,135.1338624,433553.022,4821861.298,19215916.66,24347054.03,30769249,3410141.9,2227430.69,3861437,12812.52,21304.486,958.70192,34.087182,0.000512652,0,1.524475408,0,0.171112992,0.525298924,5.118,meanoneuphoticlayer,0.33,3.42,2.77,2.59,52.99,16.89,0.45,0.84,0.43,3.35,5.85,0.65,0.016728077,18,9.46006443,117.2944143,0,0,77.09248455,0,0,10.05048244,408.9122973,0,40.22820404,311.6850666,3.352663126,0,0,0,0,16.75956216,3.352663126,432.3584183,3.352663126,6.697819315,0,30.16646119,653.4990598,0,0,123.9997406,0,0,0.08,34.16,58.77,27.56,163.74,0.33,0.71
29,05/10/2017 14:52,05/10/2017 14:59,51.7349302,1.3050065,0.48,0.2,14.78,14.98,0.49,1.42,0,0.07348,0.489735,0,0.060355,0,0.835923,0,0,0,0.104042,0.010281,0.021601,0.027174,0,0.027461,0,2.137012,0,0.038513,3.014,10.9103,38400,6.9703,21.63,316,2.794,9.226,103.903,34.4695,1492.47,1026.3921,0,0,0,2.909090909,0,0,15.51515152,0,0,0,0,8.727272727,0,2.909090909,0,2.909090909,0,0,148.3636364,0,0,0,75,35665,1.27,12.85,48.3,1.7,12.81,12.8,0.47,1.44,33.887,10.9439,73,77.7,5.17,1.006,1492.13,0.85,1092.34022,5461.70159,179.33944,416,535858.5282,6178780.823,14648198.99,269000,1616.357255,6010.953123,7936.938693,274.1915979,251055.8512,2168932.171,29743780.07,38036689.89,21246978,2862184.64,50212.45,4088201,9613.908,22772.114,1134.17568,8.860745,0.005820215,0,1.821011609,0.205688426,0.104191141,0.000288532,10.23857143,meanoneuphoticlayer,0.55,2.84,0.83,0.89,21.47,19.75,0.12,0.66,0.12,7.2,23.45,2.35,0.019704219,14,14.60780811,335.7326155,0,143.2920451,296.5230516,0,0,0,816.65814,0,12.27483887,139.2650116,12.27483887,0,0,0,0,6.824771564,0,293.5916729,10.91442326,16.39264768,0,2.742684375,610.5524773,468.3565071,0,199.428401,1.360835789,0,0,33.89,4.58,1.1,8.15,0.07,0.86
30,05/10/2017 16:35,05/10/2017 16:38,51.8797748,1.60443,0.45,0.16,17.86,18.02,0.57,2.9,0,0.222918,0,0,0,0,1.167584,0,0,0,0.138015,0,0.016458,0.015852,0,0,0,3.139686,0,0.051351,5.044,11.165,38700,6.5728,13.24,60.3,2.6474,9.1004,103.069,34.5049,1493.43,1026.3828,0,0,0,5.333333333,3.555555556,0,5.714285714,0,0,0.888888889,0,0,1.777777778,0,3.555555556,3.555555556,0,0.888888889,82.66666667,0,0,0,60,36853,350.5,19.37,30.4,0.7,19.34,19.5,0.21,1.76,33.58,10.3156,74,88.6,5.06,1.005,1489.53,0.84,1203.581879,4701.99357,224.6686,594,565305.5439,13801370,385532.728,395000,1724.793312,4859.184823,5560.691495,347.6804029,278109.2032,1917831.442,34744412.08,50127303.23,21927173,1755388.1,158694.9,2561215,8138.73,6822.5226,134.884048,6.526648,0,0.000219355,3.131832792,0.003068051,0.004579883,0,9.634,meanoneuphoticlayer,0.57,2.75,2.79,0.69,12.25,23.37,0.79,0.68,0.79,10.3,25.45,2.7,0.025094246,24,21.8253923,859.9503862,0,0,359.6246618,0,7.979762386,0,1035.422007,0,3.986254296,119.8193937,3.986254296,0,0,0,0,36.0535609,0,312.201472,47.97623311,23.97909388,0,35.9631559,819.8056584,23.96458629,0,548.081519,4.018807226,0,0,9.06,1.69,0.17,3.18,0,0.85
31,05/10/2017 18:18,05/10/2017 18:22,51.7503225,1.8756415,0.54,0.15,7.45,7.6,0.23,0.61,0.036572,0.096443,0,0,0,0.014066,0.311673,0,0,0,0.052021,0,0.022951,0.00743,0,0.030036,0,1.059011,0,0.016225,3.026,10.8844,38100,31.421,13.36,1.00E-12,2.5319,8.8341,99.227,34.1423,1491.98,1026.1419,0,0.355555556,0,1.066666667,0.355555556,0,11.86666667,0.177777778,0.177777778,0,0.177777778,0.888888889,1.422222222,0,3.022222222,4.088888889,0,0,134.5777778,0.355555556,0,0,380,38117,334.22,NA,197.1,1,NA,33.6,0.18,1.03,34.201,10.4289,76,72.6,6.45,1.004,1490.69,0.84,6489.78225,7687.2549,69.505023,1860,3231027.345,45230032,546063.845,924000,4231.526336,10466.69772,7244.015011,87.76369047,501230.7232,3755775.168,19457199.21,4966671.869,119565445.8,1154020.91,337744.27,2637202,4397.956,27398.7151,88.981465,5.679668,0.000575854,0,0.548983089,0,0.134386408,0.375054599,5.276,NA,NA,NA,NA,NA,NA,NA,NA,NA,NA,NA,NA,NA,0.034215938,47,34.70763184,134.7307815,0,0,63.40057025,0,2.641930941,5.283861881,335.505347,0,23.77481299,52.83220511,0,0,0,0,0,2.641930941,0,103.0282516,2.641930941,2.641930941,0,10.56644102,161.1475255,5.282579142,0,52.83284648,0,0,0.05,4.88,10.33,9.75,145.47,0,0.07
32,05/10/2017 20:26,05/10/2017 20:33,51.568024,2.2556155,0.54,0.02,0.03,0.05,0.03,0.74,0.347231,0.236541,0,0,0,0.073609,0.662477,0,0,0,0.101919,0,0,0,0,0,0,2.643413,0,0,1.884,10.2736,37200,28.2745,20.62,0.948,2.6984,8.7632,96.968,33.8529,1489.45,1026.0181,1.230769231,0,0,4.307692308,0,0,15.28205128,0,0,4.307692308,0,0.615384615,2.461538462,3.076923077,11.07692308,0,0,0,24,0.615384615,0,0,NA,39624,328.97,24.22,240.3,1.9,24.2,24.2,2.13,6.79,34.727,11.0432,85,62,8.58,1.003,1493.49,0.84,NA,NA,NA,NA,NA,NA,NA,NA,NA,NA,NA,NA,NA,NA,NA,NA,78269810.6,211013.991,131757.075,1671968,3671.139,20484.8502,71.388205,7.138821,0,0,0.819199234,0,0.001527114,1.822673548,55.86,NA,NA,NA,NA,NA,NA,NA,NA,NA,NA,NA,NA,NA,0.052220561,55,27.19451584,NA,NA,NA,NA,NA,NA,NA,NA,NA,NA,NA,NA,NA,NA,NA,NA,NA,NA,NA,NA,NA,NA,NA,NA,NA,NA,NA,NA,NA,0.37,0.89,0.76,0.73,897.96,0,0.2
33,05/10/2017 22:46,05/10/2017 22:52,51.8011277,2.555508,0.3,0.02,0.05,0.07,0.03,0.62,0.145322,0.085039,0,0,0,0.018614,0.258899,0,0,0,0.040343,0,0,0,0,0,0,1.002674,0,0,3.027,10.4203,38000,1.4077,33.85,28.7,1.8068,9.428,105.084,34.4942,1490.77,1026.4982,1.6,3.2,0,0.8,0,0,10.88,0,0.8,0.8,0,4.8,33.6,1.6,52.8,0.8,9.6,0,17.6,0,0,0,NA,41280,19.12,NA,289.3,0.9,0.98,39.4,-0.57,4.32,34.906,10.8579,88,76,7.71,1.002,1493.06,0.84,NA,NA,NA,NA,NA,NA,NA,NA,NA,NA,NA,NA,NA,NA,NA,NA,32511028,269840.513,71374.97,1082954,2609.372,11671.5621,97.515203,5.04389,0,0.000157271,0.098934599,6.72E-06,0.000947281,0.902654157,NA,NA,NA,NA,NA,NA,NA,NA,NA,NA,NA,NA,NA,NA,0.046334021,74,37.3108905,12.36843221,0,0,0,0,3.124064278,0,3.124064278,0,6.199324643,33.85340746,0,0,0,0,0,31.01521006,0,15.44369258,40.51522779,0,18.64677784,0,12.36843221,0,0,0,0,6.248128556,0.01,0.37,0.1,0.12,200.11,0,0.68
34,05/11/2017 16:31,05/11/2017 16:37,51.5884205,3.0084202,0.31,0.03,0.02,0.05,0.04,1.08,0.073304,0.037153,0,0,0,0,0.142141,0,0,0,0.023887,0,0,0,0,0,0,0.592489,0,0,3.071,11.1828,38800,0.5563,30.12,879,0.9992,8.4553,95.841,34.5719,1493.54,1026.4228,0,0.666666667,0.666666667,27.33333333,0,45.33333333,131.8095238,0,0,0.666666667,0,0,0,2.666666667,14.66666667,0.666666667,0,0,872,2.666666667,0,0,NA,54069,299.9,21.9,347.6,0.3,21.87,23,0.07,0.41,33.199,11.5629,87,44.1,5.47,0.994,1493.46,0.83,NA,NA,NA,NA,NA,NA,NA,NA,NA,NA,NA,NA,NA,NA,NA,NA,9405668.2,2226064.94,1310885,2621684,2536.649,5584.5152,143.840612,7.775169,0,0.000638917,0.161779182,2.32E-05,3.96E-05,0.430019111,NA,NA,NA,NA,NA,NA,NA,NA,NA,NA,NA,NA,NA,NA,0.048456352,35,23.62199242,0,0,0,0,0,3.470292928,0,0,10.40547282,260.1138547,0,0,0,41.62729723,0,3.46961649,6.939909418,3.470292928,0,3.470292928,3.465563397,6.940585856,343.3799209,256.6462565,0,0,6.939909418,0,0,0.32,4.39,0.42,0.05,276.88,0.02,1.81
35,05/11/2017 00:52,05/11/2017 00:54,51.916892,3.0144368,0.49,0.04,0.08,0.12,0.05,2.77,0.02122,0.023943,0,0,0,0,0.141295,0,0,0,0.020702,0,0,0.003397,0,0,0,0.369673,0,0,4.035,11.0375,39100,1.1466,26.62,1.00E-12,10.8018,9.7637,110.645,35.0218,1493.6,1026.8039,0,1.066666667,0,1.066666667,5.333333333,0,17.21904762,0,0,0,0,0,2.133333333,2.133333333,388.2666667,0,0,0,0,1.066666667,0,0,NA,42803,8.98,NA,23,0.9,1.17,32.3,0.09,2.84,34.854,10.9619,83,83.7,7.32,1.001,1493.36,0.84,NA,NA,NA,NA,NA,NA,NA,NA,NA,NA,NA,NA,NA,NA,NA,NA,45624602,3442055.47,352806,1500653,3017.919,13177.479,1240.483859,7.088477,0,0,0.195094218,0,0,0.174605771,NA,NA,NA,NA,NA,NA,NA,NA,NA,NA,NA,NA,NA,NA,0.049395289,64,30.0483342,3.296490207,0,0,3.297929095,0,0,0,0,0,3.296490207,6.594419302,0,0,0,0,0,39.57803445,0,13.19315778,13.19315778,0,6.597298333,0,6.597298333,0,0,0,0,0,0,0.82,0,0.03,7.12,0,0
36,05/11/2017 04:06,05/11/2017 04:07,52.0526958,3.3638393,0.5,0.03,0.03,0.06,0.03,0.8,0.059801,0.034676,0,0,0,0,0.167523,0,0,0,0.027072,0,0,0,0,0,0,0.546913,0,0,3.269,10.8467,39100,0.4492,35.96,1.00E-12,8.8009,9.1511,103.399,35.2002,1493.13,1026.974,0,0,1.142857143,0,4.571428571,0,47.42857143,0,0,6.857142857,0,0,2.285714286,8,550.8571429,0,0,0,11.42857143,5.714285714,0,0,900,45135,43.54,29.53,345.3,1.2,29.78,30.3,0.2,2.1,34.587,10.7698,80,88.7,6.66,0.999,1492.36,0.84,NA,NA,NA,NA,NA,NA,NA,NA,NA,NA,NA,NA,NA,NA,NA,NA,130907750,8930257.2,362983.3,1813678,4154.72,25582.671,1087.10221,5.234842,0,0.000750826,0.224471346,2.78E-05,5.24E-05,0.321597704,NA,NA,NA,NA,NA,NA,NA,NA,NA,NA,NA,NA,NA,NA,0.055304393,51,27.54291702,21.88255993,0,0,0,0,0,0,0,0,21.88255993,0,0,0,0,0,0,109.3983716,0,21.88255993,0,0,0,0,0,0,0,0,0,0,0.42,20.66,2.07,0.42,349.98,0,1.31
37,05/11/2017 05:42,05/11/2017 05:44,52.0052543,3.6508643,0.92,0.03,0.01,0.04,0.04,1.01,0.405103,0.426021,0,0,0,0.02792,1.088899,0,0,0,0.128991,0,0,0,0,0,0,4.238576,0,0.024606,4.036,11.5474,38000,0.4156,22.55,84.1,0.7435,7.85,89.062,33.5011,1493.53,1025.5275,0,0,0,14.54545455,2.909090909,0,60.12121212,0,0,2.909090909,0,0,0,2.909090909,770.9090909,0,0,0,541.0909091,0,2.909090909,0,300,46295,342.75,23.98,226.2,0.3,23.91,24,-0.04,5.43,33.228,10.8169,78,87.9,7.01,0.998,1490.89,0.84,NA,NA,NA,NA,NA,NA,NA,NA,2757.101725,637.9414452,17638.82429,537.606836,229428.384,262091.266,158500192.1,14020203.88,1458968900,228756905,11707546,116696100,345835.4,1045555.4,32848.3009,105.08093,0,0,0.552620287,0.000120281,0,3.685859266,46.162,meanoneuphoticlayer,0.37,4.26,0.19,1.64,19.63,2.68,0.27,0.19,0.27,NA,NA,NA,0.056687783,36,25.5554903,5.893367498,0,0,17.64612105,8.841793987,52.98638267,5.893948411,0,2.947264662,1527.735904,0,50.02624176,0,35.30337561,0,2.946683749,41.19790493,0,11.7761824,44.18205561,2.947264662,5.881653074,76.52470939,435.6714063,0,0,0,0,2.934969325,1.24,38.72,0.88,0.35,154.69,0,0.6
38,05/11/2017 07:12,05/11/2017 07:14,51.8213657,3.781603,1.55,0.18,9.09,9.27,0.1,3.89,2.124538,1.548868,3.191722,0,0,0.207288,5.697472,0,0,0,0.720863,0,0,0,0,0,0,18.503891,0,0.14478,3.026,10.9761,39200,0.3538,23.53,1.00E-12,6.4333,8.8014,99.689,35.1476,1493.52,1026.9085,0,0,0,51.2,0,0,157.2571429,0,12.8,0,0,0,25.6,12.8,2086.4,0,0,0,8179.2,0,0,0,40,47382,352.19,4.47,257.4,1.5,4.39,4.4,0.57,32.79,30.43,11.3974,69,95.1,5.76,0.998,1489.56,0.83,4463.89159,60626.06161,5519.277673,172,1457452.75,932494258.4,129416005,64800,438.7631963,4681.594582,95792.56049,21577.03066,39165.06709,1187179.811,1253510583,406262270.4,25102874,5360437.87,131492.66,703930.2,1520.144,10369.0538,2036.156197,8.716421,0,0.041480437,4.575026512,0.000601611,0.001313922,13.88547668,174.51,meanoneuphoticlayer,0.37,3.86,1.36,2.29,13.98,28.29,2.46,2.19,2.34,29.65,18.4,2.6,0.048067346,5,6.65402298,10.78263564,0,0,17.94742164,0,3.589484328,3.596575655,0,7.178968655,1612.325516,7.186059982,28.81002605,3.596575655,14.53205751,0,14.38630262,28.86064743,61.26724913,50.3388586,46.85159912,3.589484328,14.37211996,451.2479214,2304.345449,0,0,3.596575655,0,0,2.6,165.04,12.4,2.3,585.62,0.2,0
39,05/11/2017 08:55,05/11/2017 08:56,51.8741473,3.415839,0.47,0.04,0.17,0.21,0.05,0.26,0.133105,0.111459,0,0,0,0,0.352813,0,0,0,0.050959,0,0,0,0,0,0,1.033058,0,0,2.813,10.7839,38700,0.4027,30.23,8.13,4.6301,8.7951,99.042,34.8815,1492.52,1026.7348,0,5.714285714,0,19.42857143,0,6.857142857,95.80952381,0,0,4.571428571,0,2.285714286,0,2.285714286,405.7142857,0,3.428571429,0,101.7142857,3.428571429,1.142857143,0,550,48605,357.86,25.07,239.8,2,25.02,25.1,0.14,1.43,33.15,11.1106,75,63.7,5.86,0.998,1491.83,0.82,942.084899,8985.37276,1098.231495,293,377272.9114,50218841.69,7289629.794,69600,617.6474983,594.9304147,12410.38561,1321.877089,42356.2166,419848.1372,56112832.01,13538792.01,26609822.6,905754.07,60498.94,589303.7,1219.085,10623.4533,334.65072,5.122205,0,0.001938429,0.427069125,8.82E-06,0.001336575,0.602747128,6.9575,meanoneuphoticlayer,0.14,4.25,1.14,7.93,34.94,15.85,0.86,0.33,0.98,6.55,2.9,0.3,0.054589674,37,23.39938602,0,0,0,0,0,6.33977475,0,0,0,28.52458064,0,0,0,0,0,0,31.71649669,6.348586219,9.514067859,15.87146555,3.16548164,9.522879328,22.20242883,53.91892551,0,0,0,0,0,0.01,10.83,0.11,0.01,370.65,0,0
40,05/11/2017 10:33,05/11/2017 10:38,51.7612442,3.1481457,0.37,0.02,0.06,0.08,0.04,0.89,0.141464,0.057794,0.084437,0,0,0.02369,0.269052,0,0,0,0.040343,0,0,0.012455,0,0,0,0.810242,0,0,3.027,10.8187,37400,0.7154,23.98,75.9,17.17,9.5416,106.594,33.51,1490.99,1025.6611,0,0,0,0,6.4,22.4,70,0,1.6,3.2,0,0,1.6,3.2,486.4,0,3.2,0,19.2,9.6,0,0,500,49773,15.61,29.79,228.1,0.5,29.65,30.2,1.45,0.95,34.26,11.1785,82,73.4,3.96,0.997,1493.4,0.83,490.260352,9051.22127,148.768672,156,350270.266,44981449.38,1743094.584,35800,184.7473538,346.7359756,23067.98299,209.2910844,13571.79051,221206.8424,76835314.61,10316576.05,11526229,3006164.09,142259.3,1009944,1436.329,4816.6218,489.926119,9.837873,0,0.000676966,0.326550583,1.77E-05,0.001149138,0.481805592,5.02,meanoneuphoticlayer,0.99,3.83,1.25,1.45,28.99,14.26,0.91,0.35,0.63,0.37,1.6,0.3,0.051265802,45,27.97002764,0,0,0,5.824486218,0,0,0,0,0,17.43934574,2.912243109,0,0,0,0,5.811467444,23.27841671,0,0,11.63694234,0,23.27289601,0,5.811467444,0,0,0,0,0,0.14,7.52,0.94,0.17,632.23,0,0.16
41,05/11/2017 12:25,05/11/2017 12:31,51.5997598,3.4026963,0.83,0.04,0.1,0.14,0.03,1.01,0.011574,0.016719,0,0,0,0,0.087569,0,0,0,0,0,0,0,0,0,0,0.220284,0,0,3.027,11.7882,34700,5.872,4.83,17.7,39.7142,-9.99E-29,-9.99E-29,30.0363,1490.21,1022.7889,0,24,16,592,0,8,330.2857143,0,16,160,0,0,0,8,408,0,24,0,3576,16,0,0,275,51117,307.95,9.21,88.2,1.1,9.17,9.4,0.76,0.82,33.139,11.482,84,6.9,3.38,0.996,1493.11,0.83,366.89672,4854.86015,453.839087,106,147786.844,26693846.06,6945990.061,29000,216.7065473,307.3292852,11577.38312,1498.558609,16414.09813,265627.9408,31106814.29,15519235.81,11202741.3,2548105.3,191435,1312403,1705.342,4617.5713,363.04744,7.849675,0,6.49E-05,0,0,0,0.220235055,6.345,meanoneuphoticlayer,0.3,4.33,0.74,2.79,29.61,13.18,0.24,0.12,0.26,0,2.43,0,0.049400795,12,9.020369568,0,9.841307227,0,6.673166504,0,3.336583252,0,0,3.336583252,794.8084395,0,0,0,56.22497667,0,9.841307227,69.50118055,6.673166504,49.48587552,43.0428917,0,19.96614833,19.79351131,303.8353803,0,0,0,0,13.13292826,0,38.4,0.17,0.01,208.71,0,0.01
42,05/11/2017 13:53,05/11/2017 13:57,51.5112273,3.290775,0.83,0.03,0.13,0.16,0.11,1.03,0.070893,0.070075,0,0,0,0,0.370158,0,0,0,0.065026,0,0,0.008917,0,0,0,0.92165,0,0.005616,3.026,10.9193,38200,0.5454,24.78,661,1.6368,8.7781,98.73,34.2363,1492.22,1026.209,0,12,4,872,8,4,379.2,0,0,0,4,12,4,4,312,0,20,0,3360,12,4,0,380,52173,45.14,7.73,23.1,1.3,7.69,7.7,1.02,0.65,32.951,11.6123,85,16.4,3.62,0.995,1493.34,0.83,425.377101,3766.32173,226.38092,96.8,233332.805,17747620.12,7750760.992,25600,127.0636099,249.2557716,5324.087043,370.2300712,9432.34178,171999.8789,14286083.18,9930960.495,7190036.7,2605213,16711.73,686397.9,888.4854,3999.057,195.50166,1.745551,0,0.001675003,0.494613606,8.84E-06,0.001271006,0.42413152,4.356666667,meanoneuphoticlayer,0.35,3.82,0.27,1.95,55.32,6.25,0.17,0.49,0.19,6.4,4.35,0.25,0.048885446,16,6.800506163,0,0,0,13.35638358,0,0,6.678191791,0,6.671367194,467.3262529,0,0,0,30.02838247,0,10.01346989,3.336089092,3.342102699,13.36239719,20.04058898,0,0,196.9838506,303.693699,0,0,6.677380801,0,0,0.05,7.69,0.71,0.17,255.08,0,0.02
43,05/11/2017 18:05,05/11/2017 18:06,51.4714032,3.05608,1.66,0.08,0.59,0.67,0.13,3.64,0.035688,0.052633,0.11399,0,0,0,0.284281,0,0,0,0.044589,0,0,0,0,0,0,0.698833,0,0.008024,4.035,11.4671,37900,3.1107,9.13,108,2.0943,8.3755,94.815,33.4216,1493.17,1025.4803,1.6,1.6,0.8,141.6,2.4,0,350.8,0,2.4,0,3.2,3.2,1.6,0.8,40,0,3.2,0,864.8,0,12,0,320,55209,311.41,17.3,227.5,0.5,17.35,17.3,0,1.28,32.402,11.9878,84,60.8,5.66,0.994,1493.98,0.83,618.11608,2963.93301,153.11134,11.3,743124.065,10882729.84,5377591.482,4360,43.17246137,547.3942272,5519.965744,160.8785117,4323.355447,207522.6906,9551437.882,12788693.13,4109282.5,520054.1,83570.05,444106.2,511.6898,1795.96393,58.91166,6.732761,0,0.000421794,0.386253697,2.38E-05,6.31E-05,0.312037652,2.95,NA,NA,NA,NA,NA,NA,NA,NA,NA,NA,NA,NA,NA,0.046733771,18,17.65514519,0,0,0,2.877066368,0,0,0,0,8.631201785,739.3591474,0,51.78721339,0,5.758063729,0,2.879031865,43.16975936,2.877066368,20.13161599,40.28483368,0,2.877066368,860.2155764,555.2248727,0,0,2.879031865,0,0,NA,NA,NA,NA,NA,NA,NA
44,05/11/2017 20:00,05/11/2017 20:05,51.4340347,2.8104477,2.26,0.06,0.25,0.31,0.13,4.52,0.084021,0.076577,0.190453,0,0,0.011845,0.424448,0,0,0,0.065646,0,0,0,0,0,0,1.022086,0,0.013313,NA,NA,NA,NA,NA,NA,NA,NA,NA,NA,NA,NA,0,2.56,0,92.16,0,0,183.5885714,2.56,0,0,0,0,5.12,5.12,38.4,0,0,0,5501.44,5.12,0,0,NA,56633,38.53,18.73,237.4,1.6,18.66,18.7,0.21,0.4,32.447,11.7491,93,94.2,5.16,0.995,1493.21,0.84,152.398706,1537.239629,64.603819,9.94,44407.277,6934804.251,30324975.1,3270,29.35338206,217.2912698,2714.997234,33.92793511,2332.259629,95438.51903,5565739.755,3628509.555,45747050,34659657.2,2321055.3,6714654,11539.27,39334.591,3979.78495,37.90271,0,0.001661178,0.596837001,1.97E-05,0.001437592,0.422144559,0.504,NA,NA,NA,NA,NA,NA,NA,NA,NA,NA,NA,NA,NA,0.044178545,28,21.22831764,0,0,0,0,0,3.610354223,7.220708447,0,0,54.51459521,0,3.615103532,0,0,0,3.648163627,25.3623463,7.25851785,7.296327253,21.75199207,0,0,370.0479759,358.8106934,0,0,3.610354223,0,0,0.01,1.39,0.01,0.03,84.98,0,0.01
